run_dir,model,history_steps,local_grid,structured_output,max_steps,maze,chars_mean,chars_max,words_mean,words_max
run_20260205_142544,qwen3:8b,10,0,1,60,,1891.4666666666667,2062,365.9166666666667,399
run_20260205_142710,qwen3:8b,10,1,0,60,,1967.4666666666667,2138,374.9166666666667,408
run_20260205_142828,qwen3:8b,10,1,1,60,,1967.4666666666667,2138,375.98333333333335,410
run_20260205_143124,qwen3:8b,10,1,0,60,,1967.4666666666667,2138,374.9166666666667,408
run_20260205_144315,gpt-oss:20b,10,1,0,60,,1967.4666666666667,2138,375.56666666666666,410
run_20260205_153011,phi3:mini,10,1,0,60,,1967.4666666666667,2138,375.45,410
run_20260205_153948,llama3.2:3b,10,1,0,60,,1672.909090909091,2138,318.6363636363636,410
run_20260205_154033,llama3.2:3b,10,1,0,60,,1672.909090909091,2138,318.6363636363636,410
run_20260205_154151,llama3.2:3b,10,1,0,60,,1672.909090909091,2138,318.6363636363636,410
run_20260205_154305_1,llama3.2:3b,10,1,0,60,,1672.909090909091,2138,318.6363636363636,410
run_20260205_154305_2,llama3.2:3b,10,1,0,60,,1967.4666666666667,2138,376.55,410
run_20260205_154305_3,llama3.2:3b,10,1,0,60,,1967.4666666666667,2138,376.55,410
run_20260205_154305_4,llama3.2:3b,10,1,0,60,,1967.4666666666667,2138,376.55,410
run_20260205_154305_5,llama3.2:3b,10,1,0,60,,1672.909090909091,2138,318.6363636363636,410
run_20260209_134011,llama3.2:3b,0,0,0,60,,5643.166666666667,11071,1100.9166666666667,2163
run_20260209_134134_1,llama3.2:3b,10,1,0,60,,1672.909090909091,2138,318.6363636363636,410
run_20260209_134134_2,llama3.2:3b,10,1,0,60,,1967.4666666666667,2138,376.55,410
run_20260209_134134_3,llama3.2:3b,10,1,0,60,,1967.4666666666667,2138,376.55,410
run_20260209_134134_4,llama3.2:3b,10,1,0,60,,1967.4666666666667,2138,376.55,410
run_20260209_134134_5,llama3.2:3b,10,1,0,60,,1672.909090909091,2138,318.6363636363636,410
run_20260209_134805_1,llama3.2:3b,0,1,0,60,,2223.4545454545455,4155,426.6363636363636,804
run_20260209_134805_2,llama3.2:3b,0,1,0,60,,5719.166666666667,11147,1111.55,2174
run_20260209_134805_3,llama3.2:3b,0,1,0,60,,5719.166666666667,11147,1111.55,2174
run_20260209_134805_4,llama3.2:3b,0,1,0,60,,5719.166666666667,11147,1111.55,2174
run_20260209_134805_5,llama3.2:3b,0,1,0,60,,2223.4545454545455,4155,426.6363636363636,804
run_20260209_135126_1,llama3.2:3b,5,1,0,60,,1089.0454545454545,1218,204.0909090909091,230
run_20260209_135126_2,llama3.2:3b,5,1,0,60,,1170.7166666666667,1218,220.55,230
run_20260209_135126_3,llama3.2:3b,5,1,0,60,,1170.7166666666667,1218,220.55,230
run_20260209_135126_4,llama3.2:3b,5,1,0,60,,1170.7166666666667,1218,220.55,230
run_20260209_135126_5,llama3.2:3b,5,1,0,60,,1089.0454545454545,1218,204.0909090909091,230
run_20260209_135433_1,llama3.2:3b,10,1,0,60,,1672.909090909091,2138,318.6363636363636,410
run_20260209_135433_2,llama3.2:3b,10,1,0,60,,1967.4666666666667,2138,376.55,410
run_20260209_135433_3,llama3.2:3b,10,1,0,60,,1967.4666666666667,2138,376.55,410
run_20260209_135433_4,llama3.2:3b,10,1,0,60,,1967.4666666666667,2138,376.55,410
run_20260209_135433_5,llama3.2:3b,10,1,0,60,,1672.909090909091,2138,318.6363636363636,410
run_20260209_135832_1,llama3.2:3b,20,1,0,60,,2215.0,3971,425.0,768
run_20260209_135832_2,llama3.2:3b,20,1,0,60,,3330.9666666666667,3978,643.55,770
run_20260209_135832_3,llama3.2:3b,20,1,0,60,,3330.9666666666667,3978,643.55,770
run_20260209_135832_4,llama3.2:3b,20,1,0,60,,2131.4761904761904,3971,408.7142857142857,770
run_20260209_140818_1,llama3.2:3b,20,1,0,60,,3330.9666666666667,3978,643.55,770
run_20260209_140818_2,llama3.2:3b,20,1,0,60,,3330.9666666666667,3978,643.55,770
run_20260209_140818_3,llama3.2:3b,20,1,0,60,,2215.0,3971,425.0,768
run_20260209_141527_1,llama3.2:3b,20,1,0,60,,3330.9666666666667,3978,643.6166666666667,770
run_20260209_141527_2,llama3.2:3b,20,1,0,60,,3330.9666666666667,3978,643.6166666666667,770
run_20260209_141527_3,llama3.2:3b,20,1,0,60,,2215.0,3971,425.0,768
run_20260219_143111,llama3.2:3b,0,0,0,60,,4176.666666666667,7982,865.4166666666666,1662
run_20260219_145158,llama3.2:3b,10,1,0,60,,1623.8833333333334,1744,324.1166666666667,350
run_20260219_201405_1,llama3.2:3b,0,1,0,60,,4252.666666666667,8058,875.35,1673
run_20260219_201405_10,llama3.2:3b,0,1,0,60,,4252.666666666667,8058,875.2333333333333,1671
run_20260219_201405_2,llama3.2:3b,0,1,0,60,,4252.666666666667,8058,875.1666666666666,1673
run_20260219_201405_3,llama3.2:3b,0,1,0,60,,4252.666666666667,8058,875.0,1672
run_20260219_201405_4,llama3.2:3b,0,1,0,60,,4252.666666666667,8058,875.3666666666667,1673
run_20260219_201405_5,llama3.2:3b,0,1,0,60,,4252.666666666667,8058,875.1833333333333,1671
run_20260219_201405_6,llama3.2:3b,0,1,0,60,,4252.666666666667,8058,875.1,1672
run_20260219_201405_7,llama3.2:3b,0,1,0,60,,4252.666666666667,8058,875.3833333333333,1671
run_20260219_201405_8,llama3.2:3b,0,1,0,60,,2382.3225806451615,4317,484.1290322580645,889
run_20260219_201405_9,llama3.2:3b,0,1,0,60,,4252.666666666667,8058,875.7,1673
run_20260219_203521_1,llama3.2:3b,5,1,0,60,,1047.4102564102564,1099,203.10256410256412,215
run_20260219_203521_10,llama3.2:3b,5,1,0,60,,1065.4666666666667,1099,206.9,215
run_20260219_203521_2,llama3.2:3b,5,1,0,60,,1065.4666666666667,1099,206.96666666666667,215
run_20260219_203521_3,llama3.2:3b,5,1,0,60,,1065.4666666666667,1099,206.75,215
run_20260219_203521_4,llama3.2:3b,5,1,0,60,,1043.111111111111,1099,202.22222222222223,215
run_20260219_203521_5,llama3.2:3b,5,1,0,60,,1051.095238095238,1099,204.0952380952381,215
run_20260219_203521_6,llama3.2:3b,5,1,0,60,,1021.6153846153846,1099,197.6153846153846,215
run_20260219_203521_7,llama3.2:3b,5,1,0,60,,1065.4666666666667,1099,207.13333333333333,215
run_20260219_203521_8,llama3.2:3b,5,1,0,60,,1065.4666666666667,1099,206.91666666666666,215
run_20260219_203521_9,llama3.2:3b,5,1,0,60,,1065.4666666666667,1099,207.25,215
run_20260219_205250_1,llama3.2:3b,10,1,0,60,,1623.8833333333334,1744,324.1,350
run_20260219_205250_10,llama3.2:3b,10,1,0,60,,1364.7368421052631,1742,270.7368421052632,350
run_20260219_205250_2,llama3.2:3b,10,1,0,60,,1612.9636363636364,1744,321.90909090909093,350
run_20260219_205250_3,llama3.2:3b,10,1,0,60,,1623.8833333333334,1744,323.98333333333335,350
run_20260219_205250_4,llama3.2:3b,10,1,0,60,,1623.8833333333334,1744,324.3333333333333,350
run_20260219_205250_5,llama3.2:3b,10,1,0,60,,1623.8833333333334,1744,324.3833333333333,350
run_20260219_205250_6,llama3.2:3b,10,1,0,60,,1623.8833333333334,1744,324.0833333333333,350
run_20260219_205250_7,llama3.2:3b,10,1,0,60,,1623.8833333333334,1744,324.18333333333334,350
run_20260219_205250_8,llama3.2:3b,10,1,0,60,,1623.8833333333334,1744,325.01666666666665,350
run_20260219_205250_9,llama3.2:3b,10,1,0,60,,1623.8833333333334,1744,324.56666666666666,350
run_20260219_210949_1,llama3.2:3b,20,1,0,60,,2579.4666666666667,3034,524.1333333333333,620
run_20260219_210949_10,llama3.2:3b,20,1,0,60,,2579.4666666666667,3034,524.2333333333333,620
run_20260219_210949_2,llama3.2:3b,20,1,0,60,,2579.4666666666667,3034,523.7833333333333,619
run_20260219_210949_3,llama3.2:3b,20,1,0,60,,2579.4666666666667,3034,523.8,620
run_20260219_210949_4,llama3.2:3b,20,1,0,60,,2579.4666666666667,3034,524.6833333333333,620
run_20260219_210949_5,llama3.2:3b,20,1,0,60,,2579.4666666666667,3034,524.1166666666667,620
run_20260219_210949_6,llama3.2:3b,20,1,0,60,,2579.4666666666667,3034,524.3166666666667,620
run_20260219_210949_7,llama3.2:3b,20,1,0,60,,2579.4666666666667,3034,524.7333333333333,620
run_20260219_210949_8,llama3.2:3b,20,1,0,60,,2579.4666666666667,3034,524.6666666666666,620
run_20260219_210949_9,llama3.2:3b,20,1,0,60,,2579.4666666666667,3034,524.7,620
run_20260219_212944_1,llama3.2:3b,0,1,0,80,,5542.625,10638,1145.9375,2213
run_20260219_212944_10,llama3.2:3b,0,1,0,80,,5542.625,10638,1146.3,2213
run_20260219_212944_2,llama3.2:3b,0,1,0,80,,5542.625,10638,1145.7625,2213
run_20260219_212944_3,llama3.2:3b,0,1,0,80,,5542.625,10638,1145.75,2213
run_20260219_212944_4,llama3.2:3b,0,1,0,80,,5542.625,10638,1145.8875,2211
run_20260219_212944_5,llama3.2:3b,0,1,0,80,,5542.625,10638,1146.0,2213
run_20260219_212944_6,llama3.2:3b,0,1,0,80,,5542.625,10638,1146.1375,2213
run_20260219_212944_7,llama3.2:3b,0,1,0,80,,5542.625,10638,1145.725,2211
run_20260219_212944_8,llama3.2:3b,0,1,0,80,,5542.625,10638,1145.925,2212
run_20260219_212944_9,llama3.2:3b,0,1,0,80,,5542.625,10638,1145.5125,2213
run_20260219_220338_1,llama3.2:3b,5,1,0,80,,1073.85,1099,209.4625,215
run_20260219_220338_10,llama3.2:3b,5,1,0,80,,1059.549019607843,1099,206.31372549019608,215
run_20260219_220338_2,llama3.2:3b,5,1,0,80,,1073.85,1099,209.3625,215
run_20260219_220338_3,llama3.2:3b,5,1,0,80,,1062.418181818182,1099,207.16363636363636,215
run_20260219_220338_4,llama3.2:3b,5,1,0,80,,1073.85,1099,209.8,215
run_20260219_220338_5,llama3.2:3b,5,1,0,80,,1073.85,1099,209.2,215
run_20260219_220338_6,llama3.2:3b,5,1,0,80,,1073.85,1099,209.3875,215
run_20260219_220338_7,llama3.2:3b,5,1,0,80,,1073.85,1099,209.0875,215
run_20260219_220338_8,llama3.2:3b,5,1,0,80,,1073.85,1099,209.825,215
run_20260219_220338_9,llama3.2:3b,5,1,0,80,,1073.85,1099,209.325,215
run_20260219_222559_1,llama3.2:3b,10,1,0,80,,1653.9125,1744,330.7,350
run_20260219_222559_10,llama3.2:3b,10,1,0,80,,1653.9125,1744,331.025,350
run_20260219_222559_2,llama3.2:3b,10,1,0,80,,1653.9125,1744,330.8875,350
run_20260219_222559_3,llama3.2:3b,10,1,0,80,,1596.9183673469388,1744,319.2857142857143,350
run_20260219_222559_4,llama3.2:3b,10,1,0,80,,1653.9125,1744,330.6,350
run_20260219_222559_5,llama3.2:3b,10,1,0,80,,1653.9125,1744,330.6125,350
run_20260219_222559_6,llama3.2:3b,10,1,0,80,,1653.9125,1744,330.8375,350
run_20260219_222559_7,llama3.2:3b,10,1,0,80,,1653.9125,1744,330.7875,350
run_20260219_222559_8,llama3.2:3b,10,1,0,80,,1653.9125,1744,331.0125,350
run_20260219_222559_9,llama3.2:3b,10,1,0,80,,1653.9125,1744,330.6,350
run_20260219_224639_1,llama3.2:3b,20,1,0,80,,2693.1,3034,548.575,620
run_20260219_224639_10,llama3.2:3b,20,1,0,80,,2693.1,3034,548.9375,620
run_20260219_224639_2,llama3.2:3b,20,1,0,80,,2693.1,3034,548.3875,620
run_20260219_224639_3,llama3.2:3b,20,1,0,80,,2693.1,3034,548.75,620
run_20260219_224639_4,llama3.2:3b,20,1,0,80,,2693.1,3034,548.8125,620
run_20260219_224639_5,llama3.2:3b,20,1,0,80,,2693.1,3034,548.7375,620
run_20260219_224639_6,llama3.2:3b,20,1,0,80,,2334.7179487179487,3034,474.0769230769231,620
run_20260219_224639_7,llama3.2:3b,20,1,0,80,,2693.1,3034,548.4125,620
run_20260219_224639_8,llama3.2:3b,20,1,0,80,,2693.1,3034,548.8,620
run_20260219_224639_9,llama3.2:3b,20,1,0,80,,2693.1,3034,548.275,620
run_20260219_231138_1,llama3.2:3b,10,1,0,80,,1653.9125,1744,331.1875,350
run_20260219_231138_10,llama3.2:3b,10,1,0,80,,1653.9125,1744,330.75,350
run_20260219_231138_2,llama3.2:3b,10,1,0,80,,1653.9125,1744,330.1,350
run_20260219_231138_3,llama3.2:3b,10,1,0,80,,1653.9125,1744,330.275,350
run_20260219_231138_4,llama3.2:3b,10,1,0,80,,1653.9125,1744,330.7,350
run_20260219_231138_5,llama3.2:3b,10,1,0,80,,1653.9125,1744,330.7375,350
run_20260219_231138_6,llama3.2:3b,10,1,0,80,,1653.9125,1744,330.1375,350
run_20260219_231138_7,llama3.2:3b,10,1,0,80,,1653.9125,1744,331.175,350
run_20260219_231138_8,llama3.2:3b,10,1,0,80,,1653.9125,1744,330.8125,350
run_20260219_231138_9,llama3.2:3b,10,1,0,80,,1653.9125,1744,331.225,350
run_20260219_233338_1,phi3:mini,0,1,0,60,,4252.666666666667,8058,875.2,1671
run_20260219_233338_10,phi3:mini,0,1,0,60,,4252.666666666667,8058,875.05,1672
run_20260219_233338_2,phi3:mini,0,1,0,60,,4252.666666666667,8058,875.1333333333333,1673
run_20260219_233338_3,phi3:mini,0,1,0,60,,3478.7083333333335,6510,713.5208333333334,1348
run_20260219_233338_4,phi3:mini,0,1,0,60,,4252.666666666667,8058,875.9333333333333,1672
run_20260219_233338_5,phi3:mini,0,1,0,60,,4252.666666666667,8058,875.4166666666666,1671
run_20260219_233338_6,phi3:mini,0,1,0,60,,4252.666666666667,8058,875.6333333333333,1673
run_20260219_233338_7,phi3:mini,0,1,0,60,,2317.8333333333335,4188,471.1,862
run_20260219_233338_8,phi3:mini,0,1,0,60,,4252.666666666667,8058,875.2666666666667,1672
run_20260219_233338_9,phi3:mini,0,1,0,60,,4252.666666666667,8058,875.8166666666667,1672
run_20260220_002435_1,phi3:mini,5,1,0,60,,1065.4666666666667,1099,207.3,215
run_20260220_002435_10,phi3:mini,5,1,0,60,,987.2222222222222,1099,190.77777777777777,215
run_20260220_002435_2,phi3:mini,5,1,0,60,,1065.4666666666667,1099,207.16666666666666,215
run_20260220_002435_3,phi3:mini,5,1,0,60,,1065.4666666666667,1099,206.86666666666667,215
run_20260220_002435_4,phi3:mini,5,1,0,60,,1065.4666666666667,1099,207.13333333333333,215
run_20260220_002435_5,phi3:mini,5,1,0,60,,1021.6153846153846,1099,197.76923076923077,215
run_20260220_002435_6,phi3:mini,5,1,0,60,,1065.4666666666667,1099,206.26666666666668,215
run_20260220_002435_7,phi3:mini,5,1,0,60,,1065.4666666666667,1099,206.75,215
run_20260220_002435_8,phi3:mini,5,1,0,60,,1065.4666666666667,1099,207.31666666666666,215
run_20260220_002435_9,phi3:mini,5,1,0,60,,1065.4666666666667,1099,206.81666666666666,215
run_20260220_004639_1,phi3:mini,10,1,0,60,,1623.8833333333334,1744,323.8,350
run_20260220_004639_10,phi3:mini,10,1,0,60,,1623.8833333333334,1744,324.51666666666665,350
run_20260220_004639_2,phi3:mini,10,1,0,60,,1623.8833333333334,1744,324.31666666666666,350
run_20260220_004639_3,phi3:mini,10,1,0,60,,1623.8833333333334,1744,323.43333333333334,350
run_20260220_004639_4,phi3:mini,10,1,0,60,,1623.8833333333334,1744,324.3,350
run_20260220_004639_5,phi3:mini,10,1,0,60,,1623.8833333333334,1744,323.71666666666664,350
run_20260220_004639_6,phi3:mini,10,1,0,60,,1623.8833333333334,1744,324.26666666666665,350
run_20260220_004639_7,phi3:mini,10,1,0,60,,1623.8833333333334,1744,324.03333333333336,350
run_20260220_004639_8,phi3:mini,10,1,0,60,,1623.8833333333334,1744,324.21666666666664,350
run_20260220_004639_9,phi3:mini,10,1,0,60,,1623.8833333333334,1744,324.43333333333334,350
run_20260220_012551_1,phi3:mini,20,1,0,60,,2579.4666666666667,3034,524.0166666666667,620
run_20260220_012551_10,phi3:mini,20,1,0,60,,2579.4666666666667,3034,524.2,620
run_20260220_012551_2,phi3:mini,20,1,0,60,,2579.4666666666667,3034,524.85,620
run_20260220_012551_3,phi3:mini,20,1,0,60,,2579.4666666666667,3034,523.8833333333333,619
run_20260220_012551_4,phi3:mini,20,1,0,60,,2579.4666666666667,3034,524.5,620
run_20260220_012551_5,phi3:mini,20,1,0,60,,2579.4666666666667,3034,524.2,620
run_20260220_012551_6,phi3:mini,20,1,0,60,,2579.4666666666667,3034,524.2833333333333,620
run_20260220_012551_7,phi3:mini,20,1,0,60,,2579.4666666666667,3034,524.3,620
run_20260220_012551_8,phi3:mini,20,1,0,60,,2296.9189189189187,3034,465.0810810810811,619
run_20260220_012551_9,phi3:mini,20,1,0,60,,2579.4666666666667,3034,524.1,619
run_20260220_021047_1,phi3:mini,0,1,0,80,,5542.625,10638,1146.0,2213
run_20260220_021047_10,phi3:mini,0,1,0,80,,5542.625,10638,1146.25,2213
run_20260220_021047_2,phi3:mini,0,1,0,80,,5542.625,10638,1146.1125,2213
run_20260220_021047_3,phi3:mini,0,1,0,80,,5542.625,10638,1146.3375,2213
run_20260220_021047_4,phi3:mini,0,1,0,80,,5542.625,10638,1146.25,2213
run_20260220_021047_5,phi3:mini,0,1,0,80,,5542.625,10638,1146.375,2212
run_20260220_021047_6,phi3:mini,0,1,0,80,,5542.625,10638,1145.925,2211
run_20260220_021047_7,phi3:mini,0,1,0,80,,5542.625,10638,1145.6625,2211
run_20260220_021047_8,phi3:mini,0,1,0,80,,5542.625,10638,1146.0875,2213
run_20260220_021047_9,phi3:mini,0,1,0,80,,5542.625,10638,1145.675,2213
run_20260220_035059_1,phi3:mini,5,1,0,80,,1073.85,1099,209.625,215
run_20260220_035059_10,phi3:mini,5,1,0,80,,1073.85,1099,209.5375,215
run_20260220_035059_2,phi3:mini,5,1,0,80,,1073.85,1099,209.4375,215
run_20260220_035059_3,phi3:mini,5,1,0,80,,1071.0555555555557,1099,208.88888888888889,215
run_20260220_035059_4,phi3:mini,5,1,0,80,,1073.85,1099,209.5625,215
run_20260220_035059_5,phi3:mini,5,1,0,80,,1073.85,1099,209.7,215
run_20260220_035059_6,phi3:mini,5,1,0,80,,1073.85,1099,209.7125,215
run_20260220_035059_7,phi3:mini,5,1,0,80,,1073.85,1099,209.575,215
run_20260220_035059_8,phi3:mini,5,1,0,80,,1073.85,1099,209.75,215
run_20260220_035059_9,phi3:mini,5,1,0,80,,1073.85,1099,209.5375,215
run_20260220_042348_1,phi3:mini,10,1,0,80,,1653.9125,1744,331.3375,350
run_20260220_042348_10,phi3:mini,10,1,0,80,,1653.9125,1744,331.1125,350
run_20260220_042348_2,phi3:mini,10,1,0,80,,1653.9125,1744,330.7125,350
run_20260220_042348_3,phi3:mini,10,1,0,80,,1653.9125,1744,331.325,350
run_20260220_042348_4,phi3:mini,10,1,0,80,,1653.9125,1744,331.2625,350
run_20260220_042348_5,phi3:mini,10,1,0,80,,1653.9125,1744,330.9125,350
run_20260220_042348_6,phi3:mini,10,1,0,80,,1653.9125,1744,331.0875,350
run_20260220_042348_7,phi3:mini,10,1,0,80,,1653.9125,1744,331.2625,350
run_20260220_042348_8,phi3:mini,10,1,0,80,,1653.9125,1744,330.7625,350
run_20260220_042348_9,phi3:mini,10,1,0,80,,1653.9125,1744,331.1625,350
run_20260220_050934_1,phi3:mini,20,1,0,80,,2693.1,3034,548.3875,620
run_20260220_050934_10,phi3:mini,20,1,0,80,,2693.1,3034,548.8375,620
run_20260220_050934_2,phi3:mini,20,1,0,80,,2693.1,3034,548.175,620
run_20260220_050934_3,phi3:mini,20,1,0,80,,2693.1,3034,548.825,620
run_20260220_050934_4,phi3:mini,20,1,0,80,,2693.1,3034,548.425,620
run_20260220_050934_5,phi3:mini,20,1,0,80,,2693.1,3034,549.025,620
run_20260220_050934_6,phi3:mini,20,1,0,80,,2693.1,3034,548.0875,620
run_20260220_050934_7,phi3:mini,20,1,0,80,,2693.1,3034,548.975,620
run_20260220_050934_8,phi3:mini,20,1,0,80,,2693.1,3034,548.875,620
run_20260220_050934_9,phi3:mini,20,1,0,80,,2693.1,3034,548.45,620
run_20260220_061922_1,phi3:mini,10,1,0,80,,1653.9125,1744,330.925,350
run_20260220_061922_10,phi3:mini,10,1,0,80,,1653.9125,1744,331.2875,350
run_20260220_061922_2,phi3:mini,10,1,0,80,,1653.9125,1744,330.9625,350
run_20260220_061922_3,phi3:mini,10,1,0,80,,1653.9125,1744,331.225,350
run_20260220_061922_4,phi3:mini,10,1,0,80,,1653.9125,1744,330.8625,350
run_20260220_061922_5,phi3:mini,10,1,0,80,,1653.9125,1744,330.5875,350
run_20260220_061922_6,phi3:mini,10,1,0,80,,1653.9125,1744,331.0625,350
run_20260220_061922_7,phi3:mini,10,1,0,80,,1653.9125,1744,331.2,350
run_20260220_061922_8,phi3:mini,10,1,0,80,,1653.9125,1744,330.675,350
run_20260220_061922_9,phi3:mini,10,1,0,80,,1653.9125,1744,330.575,350
run_20260220_070904_1,gpt-oss:20b,0,1,0,60,,3414.2127659574467,6381,699.4255319148937,1320
run_20260220_070904_10,gpt-oss:20b,0,1,0,60,,1415.125,2382,280.8125,483
run_20260220_070904_2,gpt-oss:20b,0,1,0,60,,2446.8125,4446,496.96875,915
run_20260220_070904_3,gpt-oss:20b,0,1,0,60,,4252.666666666667,8058,875.7833333333333,1673
run_20260220_070904_4,gpt-oss:20b,0,1,0,60,,2317.8333333333335,4188,469.6666666666667,861
run_20260220_070904_5,gpt-oss:20b,0,1,0,60,,2769.2702702702704,5091,564.1621621621622,1050
run_20260220_070904_6,gpt-oss:20b,0,1,0,60,,3607.7,6768,739.6,1401
run_20260220_070904_7,gpt-oss:20b,0,1,0,60,,2317.8333333333335,4188,469.8333333333333,861
run_20260220_070904_8,gpt-oss:20b,0,1,0,60,,2124.3703703703704,3801,429.1111111111111,780
run_20260220_070904_9,gpt-oss:20b,0,1,0,60,,4252.666666666667,8058,876.05,1672
run_20260220_080333_1,gpt-oss:20b,5,1,0,60,,1027.142857142857,1099,199.17857142857142,215
run_20260220_080333_10,gpt-oss:20b,5,1,0,60,,1031.9333333333334,1099,199.8,215
run_20260220_080333_2,gpt-oss:20b,5,1,0,60,,1065.4666666666667,1099,207.75,215
run_20260220_080333_3,gpt-oss:20b,5,1,0,60,,1027.142857142857,1099,198.89285714285714,215
run_20260220_080333_4,gpt-oss:20b,5,1,0,60,,1065.4666666666667,1099,207.83333333333334,215
run_20260220_080333_5,gpt-oss:20b,5,1,0,60,,1065.4666666666667,1099,207.1,215
run_20260220_080333_6,gpt-oss:20b,5,1,0,60,,1059.549019607843,1099,206.05882352941177,215
run_20260220_080333_7,gpt-oss:20b,5,1,0,60,,1065.4666666666667,1099,207.56666666666666,215
run_20260220_080333_8,gpt-oss:20b,5,1,0,60,,1021.6153846153846,1099,197.53846153846155,214
run_20260220_080333_9,gpt-oss:20b,5,1,0,60,,1065.4666666666667,1099,207.11666666666667,215
run_20260220_090652_1,gpt-oss:20b,10,1,0,60,,1602.686274509804,1744,319.05882352941177,349
run_20260220_090652_10,gpt-oss:20b,10,1,0,60,,1623.8833333333334,1744,323.48333333333335,350
run_20260220_090652_2,gpt-oss:20b,10,1,0,60,,1538.0857142857142,1744,305.7142857142857,350
run_20260220_090652_3,gpt-oss:20b,10,1,0,60,,1495.4827586206898,1744,296.9655172413793,348
run_20260220_090652_4,gpt-oss:20b,10,1,0,60,,1543.8055555555557,1744,307.3888888888889,350
run_20260220_090652_5,gpt-oss:20b,10,1,0,60,,1593.8541666666667,1744,317.6041666666667,350
run_20260220_090652_6,gpt-oss:20b,10,1,0,60,,1623.8833333333334,1744,323.3,350
run_20260220_090652_7,gpt-oss:20b,10,1,0,60,,1623.8833333333334,1744,323.56666666666666,350
run_20260220_090652_8,gpt-oss:20b,10,1,0,60,,1383.65,1743,273.9,348
run_20260220_090652_9,gpt-oss:20b,10,1,0,60,,1623.8833333333334,1744,324.8833333333333,350
run_20260220_101743_1,gpt-oss:20b,20,1,0,60,,2368.829268292683,3034,479.9268292682927,618
run_20260220_101743_10,gpt-oss:20b,20,1,0,60,,2124.9333333333334,3033,429.1,618
run_20260220_101743_2,gpt-oss:20b,20,1,0,60,,2441.1304347826085,3034,494.9130434782609,619
run_20260220_101743_3,gpt-oss:20b,20,1,0,60,,2579.4666666666667,3034,524.65,620
run_20260220_101743_4,gpt-oss:20b,20,1,0,60,,2579.4666666666667,3034,525.05,620
run_20260220_101743_5,gpt-oss:20b,20,1,0,60,,2499.2549019607845,3034,507.19607843137254,618
run_20260220_101743_6,gpt-oss:20b,20,1,0,60,,2334.7179487179487,3034,472.94871794871796,618
run_20260220_101743_7,gpt-oss:20b,20,1,0,60,,1985.4615384615386,3029,400.3076923076923,618
run_20260220_101743_8,gpt-oss:20b,20,1,0,60,,2024.148148148148,3030,408.1111111111111,618
run_20260220_101743_9,gpt-oss:20b,20,1,0,60,,1673.0,2898,334.95,591
run_20260220_111737_1,gpt-oss:20b,0,1,0,80,,5542.625,10638,1146.3125,2213
run_20260220_111737_10,gpt-oss:20b,0,1,0,80,,5542.625,10638,1146.275,2213
run_20260220_111737_2,gpt-oss:20b,0,1,0,80,,4768.64705882353,9090,983.8823529411765,1887
run_20260220_111737_3,gpt-oss:20b,0,1,0,80,,5349.12987012987,10251,1105.6753246753246,2130
run_20260220_111737_4,gpt-oss:20b,0,1,0,80,,5542.625,10638,1146.3625,2213
run_20260220_111737_5,gpt-oss:20b,0,1,0,80,,5542.625,10638,1146.4,2213
run_20260220_111737_6,gpt-oss:20b,0,1,0,80,,5542.625,10638,1146.3125,2213
run_20260220_111737_7,gpt-oss:20b,0,1,0,80,,4768.64705882353,9090,984.0,1887
run_20260220_111737_8,gpt-oss:20b,0,1,0,80,,5542.625,10638,1146.25,2213
run_20260220_111737_9,gpt-oss:20b,0,1,0,80,,5542.625,10638,1146.3,2213
run_20260220_130805_1,gpt-oss:20b,5,1,0,80,,1073.85,1099,209.725,215
run_20260220_130805_10,gpt-oss:20b,5,1,0,80,,1073.85,1099,209.75,215
run_20260220_130805_2,gpt-oss:20b,5,1,0,80,,1073.85,1099,209.7125,215
run_20260220_130805_3,gpt-oss:20b,5,1,0,80,,1073.85,1099,209.825,215
run_20260220_130805_4,gpt-oss:20b,5,1,0,80,,1073.85,1099,209.8375,215
run_20260220_130805_5,gpt-oss:20b,5,1,0,80,,1073.85,1099,209.8375,215
run_20260220_130805_6,gpt-oss:20b,5,1,0,80,,1073.85,1099,209.8,215
run_20260220_130805_7,gpt-oss:20b,5,1,0,80,,1073.85,1099,209.8125,215
run_20260220_130805_8,gpt-oss:20b,5,1,0,80,,1073.85,1099,209.8375,215
run_20260220_130805_9,gpt-oss:20b,5,1,0,80,,1066.016393442623,1099,208.04918032786884,215
run_20260220_150257_1,gpt-oss:20b,10,1,0,80,,1653.9125,1744,331.3,350
run_20260220_150257_10,gpt-oss:20b,10,1,0,80,,1653.9125,1744,330.8375,350
run_20260220_150257_2,gpt-oss:20b,10,1,0,80,,1653.9125,1744,331.1,350
run_20260220_150257_3,gpt-oss:20b,10,1,0,80,,1653.9125,1744,331.3,350
run_20260220_150257_4,gpt-oss:20b,10,1,0,80,,1653.9125,1744,331.3125,350
run_20260220_150257_5,gpt-oss:20b,10,1,0,80,,1653.9125,1744,331.325,350
run_20260220_150257_6,gpt-oss:20b,10,1,0,80,,1653.9125,1744,331.275,350
run_20260220_150257_7,gpt-oss:20b,10,1,0,80,,1653.9125,1744,331.225,350
run_20260220_150257_8,gpt-oss:20b,10,1,0,80,,1653.9125,1744,331.3375,350
run_20260220_150257_9,gpt-oss:20b,10,1,0,80,,1653.9125,1744,331.3125,350
run_20260220_173409_1,gpt-oss:20b,20,1,0,80,,2254.8,3034,457.4,620
run_20260220_173409_10,gpt-oss:20b,20,1,0,80,,2693.1,3034,548.9125,620
run_20260220_173409_2,gpt-oss:20b,20,1,0,80,,2586.9180327868853,3034,526.672131147541,620
run_20260220_173409_3,gpt-oss:20b,20,1,0,80,,2693.1,3034,549.025,620
run_20260220_173409_4,gpt-oss:20b,20,1,0,80,,2601.1111111111113,3034,529.7301587301587,620
run_20260220_173409_5,gpt-oss:20b,20,1,0,80,,2693.1,3034,549.025,620
run_20260220_173409_6,gpt-oss:20b,20,1,0,80,,2334.7179487179487,3034,473.87179487179486,620
run_20260220_173409_7,gpt-oss:20b,20,1,0,80,,2693.1,3034,548.8625,620
run_20260220_173409_8,gpt-oss:20b,20,1,0,80,,2693.1,3034,548.8625,620
run_20260220_173409_9,gpt-oss:20b,20,1,0,80,,2693.1,3034,548.8375,620
run_20260220_192832_1,gpt-oss:20b,10,1,0,80,,1653.9125,1744,331.3125,350
run_20260220_192832_10,gpt-oss:20b,10,1,0,80,,1653.9125,1744,331.3125,350
run_20260220_192832_2,gpt-oss:20b,10,1,0,80,,1653.9125,1744,331.325,350
run_20260220_192832_3,gpt-oss:20b,10,1,0,80,,1653.9125,1744,331.275,350
run_20260220_192832_4,gpt-oss:20b,10,1,0,80,,1653.9125,1744,331.2875,350
run_20260220_192832_5,gpt-oss:20b,10,1,0,80,,1653.9125,1744,331.3375,350
run_20260220_192832_6,gpt-oss:20b,10,1,0,80,,1653.9125,1744,331.3375,350
run_20260220_192832_7,gpt-oss:20b,10,1,0,80,,1653.9125,1744,331.3375,350
run_20260220_192832_8,gpt-oss:20b,10,1,0,80,,1653.9125,1744,331.3,350
run_20260220_192832_9,gpt-oss:20b,10,1,0,80,,1653.9125,1744,331.325,350
